rank,player,receiving_rec,receiving_tgt,receiving_yds,receiving_avg,receiving_lg,receiving_20p,receiving_td,rushing_att,rushing_yds,rushing_td,lst,games,fantasy_points,fantasy_points_per_game,rost,team,position,year
1,Josh Gordon,87,159,1646,18.9,95,30,9,5,88,0,0,14,227.4,16.2,1.8,KC,WR,2013
2,A.J. Green,98,178,1426,14.6,82,18,11,0,0,0,0,16,208.6,13.0,51.8,ARI,WR,2013
3,Dez Bryant,93,160,1233,13.3,79,14,13,1,1,0,1,16,199.4,12.5,2.6,FA,WR,2013
4,Antonio Brown,110,166,1499,13.6,56,23,8,7,4,0,0,16,198.9,12.4,84.1,FA,WR,2013
5,Alshon Jeffery,89,150,1421,16.0,80,20,7,16,105,0,1,16,194.6,12.2,0.1,FA,WR,2013
6,DeSean Jackson,82,125,1332,16.2,61,25,9,3,2,0,0,16,187.4,11.7,4.4,LV,WR,2013
7,Larry Fitzgerald,82,134,954,11.6,75,11,10,2,8,0,1,16,154.2,9.6,0.3,FA,WR,2013
8,Julian Edelman,105,151,1056,10.1,44,9,6,2,11,0,0,16,146.7,9.2,13.1,FA,WR,2013
9,T.Y. Hilton,82,138,1083,13.2,73,13,5,2,6,0,0,16,138.9,8.7,16.8,IND,WR,2013
10,Marvin Jones Jr.,51,80,712,14.0,45,10,10,8,65,0,0,16,137.7,8.6,55.4,JAC,WR,2013
11,Golden Tate,64,98,898,14.0,80,12,5,3,31,0,0,16,122.9,7.7,0.1,FA,WR,2013
12,Emmanuel Sanders,67,112,740,11.0,55,12,6,1,25,0,0,16,114.5,7.2,46.6,BUF,WR,2013
13,Kenny Stills,32,50,641,20.0,76,7,5,3,10,0,0,16,95.1,5.9,0.1,NO,WR,2013
14,DeAndre Hopkins,52,91,802,15.4,66,12,2,0,0,0,1,16,90.2,5.6,69.3,ARI,WR,2013
15,Ted Ginn Jr.,36,68,556,15.4,47,10,5,4,29,0,0,16,88.5,5.5,0.0,FA,WR,2013
16,Robert Woods,40,85,587,14.7,57,9,3,2,16,0,0,14,80.3,5.7,29.9,LAR,WR,2013
17,Danny Amendola,54,83,633,11.7,57,8,2,1,1,0,0,12,75.4,6.3,0.1,HOU,WR,2013
18,Randall Cobb,31,47,433,14.0,48,6,4,4,78,0,0,6,75.1,12.5,7.6,GB,WR,2013
19,Julio Jones,41,60,580,14.1,81,9,2,1,7,0,1,5,68.7,13.7,60.7,TEN,WR,2013
20,Andre Roberts,43,76,471,11.0,34,3,2,0,0,0,0,16,59.1,3.7,0.1,LAC,WR,2013
21,Mohamed Sanu Sr.,47,78,455,9.7,32,4,2,4,16,0,1,16,58.1,3.6,0.1,SF,WR,2013
22,Cole Beasley,39,54,368,9.4,23,2,2,0,0,0,0,14,48.8,3.5,63.2,BUF,WR,2013
23,Marquise Goodwin,17,32,283,16.6,59,5,3,3,13,0,1,12,45.6,3.8,0.3,CHI,WR,2013
24,Dwayne Harris,9,14,80,8.9,24,1,2,1,6,0,1,13,18.6,1.4,0.0,FA,WR,2013
25,Travis Benjamin,5,13,105,21.0,39,4,0,1,45,0,1,8,13.0,1.6,0.0,SF,WR,2013
26,Chris Hogan,10,17,83,8.3,16,0,0,0,0,0,0,16,8.3,0.5,0.0,FA,WR,2013
27,Nico Collins,0,0,0,0.0,0,0,0,0,0,0,0,0,0.0,0.0,1.8,HOU,WR,2013
28,Gunner Olszewski,0,0,0,0.0,0,0,0,0,0,0,0,0,0.0,0.0,0.1,NE,WR,2013
29,Tom Kennedy,0,0,0,0.0,0,0,0,0,0,0,0,0,0.0,0.0,0.0,DET,WR,2013
30,Thomas Ives,0,0,0,0.0,0,0,0,0,0,0,0,0,0.0,0.0,0.0,CHI,WR,2013
31,D.J. Montgomery,0,0,0,0.0,0,0,0,0,0,0,0,0,0.0,0.0,0.0,NYJ,WR,2013
32,Quintez Cephus,0,0,0,0.0,0,0,0,0,0,0,0,0,0.0,0.0,0.8,DET,WR,2013
33,Isaiah Hodgins,0,0,0,0.0,0,0,0,0,0,0,0,0,0.0,0.0,0.0,BUF,WR,2013
34,James Proche II,0,0,0,0.0,0,0,0,0,0,0,0,0,0.0,0.0,0.0,BAL,WR,2013
35,Denzel Mims,0,0,0,0.0,0,0,0,0,0,0,0,0,0.0,0.0,0.7,NYJ,WR,2013
36,Antonio Gandy-Golden,0,0,0,0.0,0,0,0,0,0,0,0,0,0.0,0.0,0.0,WAS,WR,2013
37,John Hightower,0,0,0,0.0,0,0,0,0,0,0,0,0,0.0,0.0,0.0,PHI,WR,2013
38,Aaron Fuller,0,0,0,0.0,0,0,0,0,0,0,0,0,0.0,0.0,0.0,SEA,WR,2013
39,Donovan Peoples-Jones,0,0,0,0.0,0,0,0,0,0,0,0,0,0.0,0.0,14.3,CLE,WR,2013
40,Michael Pittman Jr.,0,0,0,0.0,0,0,0,0,0,0,0,0,0.0,0.0,92.6,IND,WR,2013
41,Devin Duvernay,0,0,0,0.0,0,0,0,0,0,0,0,0,0.0,0.0,1.4,BAL,WR,2013
42,KJ Hamler,0,0,0,0.0,0,0,0,0,0,0,0,0,0.0,0.0,0.8,DEN,WR,2013
43,Brandon Aiyuk,0,0,0,0.0,0,0,0,0,0,0,0,0,0.0,0.0,88.8,SF,WR,2013
44,Justin Jefferson,0,0,0,0.0,0,0,0,0,0,0,0,0,0.0,0.0,99.9,MIN,WR,2013
45,DeVonta Smith,0,0,0,0.0,0,0,0,0,0,0,0,0,0.0,0.0,86.6,PHI,WR,2013
46,Laviska Shenault Jr.,0,0,0,0.0,0,0,0,0,0,0,0,0,0.0,0.0,34.3,JAC,WR,2013
47,Jalen Reagor,0,0,0,0.0,0,0,0,0,0,0,0,0,0.0,0.0,13.3,PHI,WR,2013
48,Tee Higgins,0,0,0,0.0,0,0,0,0,0,0,0,0,0.0,0.0,95.2,CIN,WR,2013
49,CeeDee Lamb,0,0,0,0.0,0,0,0,0,0,0,0,0,0.0,0.0,99.7,DAL,WR,2013
50,Jerry Jeudy,0,0,0,0.0,0,0,0,0,0,0,0,0,0.0,0.0,65.4,DEN,WR,2013
51,Steven Sims Jr.,0,0,0,0.0,0,0,0,0,0,0,0,0,0.0,0.0,0.0,PIT,WR,2013
52,John Ursua,0,0,0,0.0,0,0,0,0,0,0,0,0,0.0,0.0,0.0,SEA,WR,2013
53,Jeff Smith,0,0,0,0.0,0,0,0,0,0,0,0,0,0.0,0.0,0.0,NYJ,WR,2013
54,Penny Hart,0,0,0,0.0,0,0,0,0,0,0,0,0,0.0,0.0,0.0,SEA,WR,2013
55,Trenton Irwin,0,0,0,0.0,0,0,0,0,0,0,0,0,0.0,0.0,0.0,CIN,WR,2013
56,Scotty Miller,0,0,0,0.0,0,0,0,0,0,0,0,0,0.0,0.0,0.7,TB,WR,2013
57,Bisi Johnson,0,0,0,0.0,0,0,0,0,0,0,0,0,0.0,0.0,0.0,MIN,WR,2013
58,Darius Slayton,0,0,0,0.0,0,0,0,0,0,0,0,0,0.0,0.0,4.3,NYG,WR,2013
59,Quinton Bell,0,0,0,0.0,0,0,0,0,0,0,0,0,0.0,0.0,0.0,ATL,WR,2013
60,Juwann Winfree,0,0,0,0.0,0,0,0,0,0,0,0,0,0.0,0.0,0.0,GB,WR,2013
61,Ashton Dulin,0,0,0,0.0,0,0,0,0,0,0,0,0,0.0,0.0,0.1,IND,WR,2013
62,Miles Boykin,0,0,0,0.0,0,0,0,0,0,0,0,0,0.0,0.0,0.0,BAL,WR,2013
63,Bryan Edwards,0,0,0,0.0,0,0,0,0,0,0,0,0,0.0,0.0,8.3,LV,WR,2013
64,Tyron Johnson,0,0,0,0.0,0,0,0,0,0,0,0,0,0.0,0.0,0.0,LV,WR,2013
65,Trinity Benson,0,0,0,0.0,0,0,0,0,0,0,0,0,0.0,0.0,0.0,DET,WR,2013
66,Deonte Harty,0,0,0,0.0,0,0,0,0,0,0,0,0,0.0,0.0,8.7,NO,WR,2013
67,Jalen Guyton,0,0,0,0.0,0,0,0,0,0,0,0,0,0.0,0.0,7.1,LAC,WR,2013
68,Jason Moore Jr.,0,0,0,0.0,0,0,0,0,0,0,0,0,0.0,0.0,0.0,LAC,WR,2013
69,Nsimba Webster,0,0,0,0.0,0,0,0,0,0,0,0,0,0.0,0.0,0.0,CHI,WR,2013
70,Alex Bachman,0,0,0,0.0,0,0,0,0,0,0,0,0,0.0,0.0,0.0,NYG,WR,2013
71,Malik Henry,0,0,0,0.0,0,0,0,0,0,0,0,0,0.0,0.0,0.0,NO,WR,2013
72,Olamide Zaccheaus,0,0,0,0.0,0,0,0,0,0,0,0,0,0.0,0.0,0.8,ATL,WR,2013
73,Malik Taylor,0,0,0,0.0,0,0,0,0,0,0,0,0,0.0,0.0,0.1,GB,WR,2013
74,Kabion Ento,0,0,0,0.0,0,0,0,0,0,0,0,0,0.0,0.0,0.0,GB,WR,2013
75,Jody Fortson,0,0,0,0.0,0,0,0,0,0,0,0,0,0.0,0.0,0.0,KC,WR,2013
76,Gabriel Davis,0,0,0,0.0,0,0,0,0,0,0,0,0,0.0,0.0,22.3,BUF,WR,2013
77,Kalija Lipscomb,0,0,0,0.0,0,0,0,0,0,0,0,0,0.0,0.0,0.0,TEN,WR,2013
78,Aleva Hifo,0,0,0,0.0,0,0,0,0,0,0,0,0,0.0,0.0,0.0,ARI,WR,2013
79,Josh Hammond,0,0,0,0.0,0,0,0,0,0,0,0,0,0.0,0.0,0.0,JAC,WR,2013
80,DeMichael Harris,0,0,0,0.0,0,0,0,0,0,0,0,0,0.0,0.0,0.0,IND,WR,2013
81,Matt Cole,0,0,0,0.0,0,0,0,0,0,0,0,0,0.0,0.0,0.0,SEA,WR,2013
82,JoJo Ward,0,0,0,0.0,0,0,0,0,0,0,0,0,0.0,0.0,0.0,CLE,WR,2013
83,J.J. Koski,0,0,0,0.0,0,0,0,0,0,0,0,0,0.0,0.0,0.0,LAR,WR,2013
84,Jalen McCleskey,0,0,0,0.0,0,0,0,0,0,0,0,0,0.0,0.0,0.0,NO,WR,2013
85,Josh Pearson,0,0,0,0.0,0,0,0,0,0,0,0,0,0.0,0.0,0.0,TB,WR,2013
86,Travis Jonsen,0,0,0,0.0,0,0,0,0,0,0,0,0,0.0,0.0,0.0,TB,WR,2013
87,Derrick Dillon,0,0,0,0.0,0,0,0,0,0,0,0,0,0.0,0.0,0.0,NYG,WR,2013
88,Rysen John,0,0,0,0.0,0,0,0,0,0,0,0,0,0.0,0.0,0.0,NYG,WR,2013
89,Manasseh Bailey,0,0,0,0.0,0,0,0,0,0,0,0,0,0.0,0.0,0.0,NYJ,WR,2013
90,Kendall Hinton,0,0,0,0.0,0,0,0,0,0,0,0,0,0.0,0.0,0.1,DEN,WR,2013
91,Kristian Wilkerson,0,0,0,0.0,0,0,0,0,0,0,0,0,0.0,0.0,0.1,NE,WR,2013
92,Tyler Simmons,0,0,0,0.0,0,0,0,0,0,0,0,0,0.0,0.0,0.0,PIT,WR,2013
93,Shi Smith,0,0,0,0.0,0,0,0,0,0,0,0,0,0.0,0.0,0.1,CAR,WR,2013
94,Tutu Atwell,0,0,0,0.0,0,0,0,0,0,0,0,0,0.0,0.0,0.2,LAR,WR,2013
95,Anthony Schwartz,0,0,0,0.0,0,0,0,0,0,0,0,0,0.0,0.0,0.3,CLE,WR,2013
96,Dazz Newsome,0,0,0,0.0,0,0,0,0,0,0,0,0,0.0,0.0,0.0,CHI,WR,2013
97,Kadarius Toney,0,0,0,0.0,0,0,0,0,0,0,0,0,0.0,0.0,21.6,NYG,WR,2013
98,Seth Williams,0,0,0,0.0,0,0,0,0,0,0,0,0,0.0,0.0,0.0,DEN,WR,2013
99,T.J. Vasher,0,0,0,0.0,0,0,0,0,0,0,0,0,0.0,0.0,0.0,DAL,WR,2013
100,Ihmir Smith-Marsette,0,0,0,0.0,0,0,0,0,0,0,0,0,0.0,0.0,0.1,MIN,WR,2013
101,Amari Rodgers,0,0,0,0.0,0,0,0,0,0,0,0,0,0.0,0.0,0.4,GB,WR,2013
102,Elijah Moore,0,0,0,0.0,0,0,0,0,0,0,0,0,0.0,0.0,49.1,NYJ,WR,2013
103,Dyami Brown,0,0,0,0.0,0,0,0,0,0,0,0,0,0.0,0.0,0.4,WAS,WR,2013
104,Dez Fitzpatrick,0,0,0,0.0,0,0,0,0,0,0,0,0,0.0,0.0,0.1,TEN,WR,2013
105,Demetric Felton,0,0,0,0.0,0,0,0,0,0,0,0,0,0.0,0.0,0.7,CLE,WR,2013
106,Pooka Williams Jr.,0,0,0,0.0,0,0,0,0,0,0,0,0,0.0,0.0,0.0,CIN,WR,2013
107,Dan Chisena,0,0,0,0.0,0,0,0,0,0,0,0,0,0.0,0.0,0.0,MIN,WR,2013
108,Andre Baccellia,0,0,0,0.0,0,0,0,0,0,0,0,0,0.0,0.0,0.0,ARI,WR,2013
109,Maurice Ffrench,0,0,0,0.0,0,0,0,0,0,0,0,0,0.0,0.0,0.0,LAC,WR,2013
110,Jeff Cotton,0,0,0,0.0,0,0,0,0,0,0,0,0,0.0,0.0,0.0,JAC,WR,2013
111,Austin Mack,0,0,0,0.0,0,0,0,0,0,0,0,0,0.0,0.0,0.0,SF,WR,2013
112,Tyrie Cleveland,0,0,0,0.0,0,0,0,0,0,0,0,0,0.0,0.0,0.0,DEN,WR,2013
113,Trishton Jackson,0,0,0,0.0,0,0,0,0,0,0,0,0,0.0,0.0,0.0,MIN,WR,2013
114,Stephen Sullivan,0,0,0,0.0,0,0,0,0,0,0,0,0,0.0,0.0,0.0,CAR,WR,2013
115,Binjimen Victor,0,0,0,0.0,0,0,0,0,0,0,0,0,0.0,0.0,0.0,BAL,WR,2013
116,Jauan Jennings,0,0,0,0.0,0,0,0,0,0,0,0,0,0.0,0.0,0.6,SF,WR,2013
117,Mason Kinsey,0,0,0,0.0,0,0,0,0,0,0,0,0,0.0,0.0,0.0,TEN,WR,2013
118,Lynn Bowden Jr.,0,0,0,0.0,0,0,0,0,0,0,0,0,0.0,0.0,0.0,MIA,WR,2013
119,Juwan Johnson,0,0,0,0.0,0,0,0,0,0,0,0,0,0.0,0.0,1.9,NO,WR,2013
120,Tyler Johnson,0,0,0,0.0,0,0,0,0,0,0,0,0,0.0,0.0,4.7,TB,WR,2013
121,Quartney Davis,0,0,0,0.0,0,0,0,0,0,0,0,0,0.0,0.0,0.0,IND,WR,2013
122,Tarik Black,0,0,0,0.0,0,0,0,0,0,0,0,0,0.0,0.0,0.0,NYJ,WR,2013
123,Tyler Vaughns,0,0,0,0.0,0,0,0,0,0,0,0,0,0.0,0.0,0.0,PIT,WR,2013
124,Marquez Callaway,0,0,0,0.0,0,0,0,0,0,0,0,0,0.0,0.0,28.6,NO,WR,2013
125,Easop Winston Jr.,0,0,0,0.0,0,0,0,0,0,0,0,0,0.0,0.0,0.0,NO,WR,2013
126,Van Jefferson,0,0,0,0.0,0,0,0,0,0,0,0,0,0.0,0.0,68.1,LAR,WR,2013
127,Joe Reed,0,0,0,0.0,0,0,0,0,0,0,0,0,0.0,0.0,0.0,LAC,WR,2013
128,Lawrence Cager,0,0,0,0.0,0,0,0,0,0,0,0,0,0.0,0.0,0.0,NYJ,WR,2013
129,Chris Finke,0,0,0,0.0,0,0,0,0,0,0,0,0,0.0,0.0,0.0,KC,WR,2013
130,Jaylon Moore,0,0,0,0.0,0,0,0,0,0,0,0,0,0.0,0.0,0.0,BAL,WR,2013
131,Marquez Stevenson,0,0,0,0.0,0,0,0,0,0,0,0,0,0.0,0.0,0.0,BUF,WR,2013
132,Scotty Washington,0,0,0,0.0,0,0,0,0,0,0,0,0,0.0,0.0,0.0,CIN,WR,2013
133,Darnell Mooney,0,0,0,0.0,0,0,0,0,0,0,0,0,0.0,0.0,76.3,CHI,WR,2013
134,Tylan Wallace,0,0,0,0.0,0,0,0,0,0,0,0,0,0.0,0.0,0.1,BAL,WR,2013
135,Amon-Ra St. Brown,0,0,0,0.0,0,0,0,0,0,0,0,0,0.0,0.0,82.8,DET,WR,2013
136,Rondale Moore,0,0,0,0.0,0,0,0,0,0,0,0,0,0.0,0.0,20.4,ARI,WR,2013
137,Rashod Bateman,0,0,0,0.0,0,0,0,0,0,0,0,0,0.0,0.0,29.1,BAL,WR,2013
138,Jaylen Waddle,0,0,0,0.0,0,0,0,0,0,0,0,0,0.0,0.0,94.6,MIA,WR,2013
139,Ja'Marr Chase,0,0,0,0.0,0,0,0,0,0,0,0,0,0.0,0.0,98.5,CIN,WR,2013
140,Aaron Parker,0,0,0,0.0,0,0,0,0,0,0,0,0,0.0,0.0,0.0,CAR,WR,2013
141,Isaiah Coulter,0,0,0,0.0,0,0,0,0,0,0,0,0,0.0,0.0,0.0,CHI,WR,2013
142,Kirk Merritt,0,0,0,0.0,0,0,0,0,0,0,0,0,0.0,0.0,0.0,NO,WR,2013
143,Nick Westbrook-Ikhine,0,0,0,0.0,0,0,0,0,0,0,0,0,0.0,0.0,8.5,TEN,WR,2013
144,Cody White,0,0,0,0.0,0,0,0,0,0,0,0,0,0.0,0.0,0.0,PIT,WR,2013
145,Dezmon Patmon,0,0,0,0.0,0,0,0,0,0,0,0,0,0.0,0.0,0.0,IND,WR,2013
146,Ja'Marcus Bradley,0,0,0,0.0,0,0,0,0,0,0,0,0,0.0,0.0,0.0,CLE,WR,2013
147,Freddie Swain,0,0,0,0.0,0,0,0,0,0,0,0,0,0.0,0.0,0.7,SEA,WR,2013
148,Quez Watkins,0,0,0,0.0,0,0,0,0,0,0,0,0,0.0,0.0,1.3,PHI,WR,2013
149,K.J. Osborn,0,0,0,0.0,0,0,0,0,0,0,0,0,0.0,0.0,39.9,MIN,WR,2013
150,Antoine Wesley,0,0,0,0.0,0,0,0,0,0,0,0,0,0.0,0.0,0.3,ARI,WR,2013
151,Chase Claypool,0,0,0,0.0,0,0,0,0,0,0,0,0,0.0,0.0,85.4,PIT,WR,2013
152,J'Mon Moore,0,0,0,0.0,0,0,0,0,0,0,0,0,0.0,0.0,0.0,ATL,WR,2013
153,DaeSean Hamilton,0,0,0,0.0,0,0,0,0,0,0,0,0,0.0,0.0,0.0,DEN,WR,2013
154,Robert Foster,0,0,0,0.0,0,0,0,0,0,0,0,0,0.0,0.0,0.0,DAL,WR,2013
155,Javon Wims,0,0,0,0.0,0,0,0,0,0,0,0,0,0.0,0.0,0.0,LV,WR,2013
156,Equanimeous St. Brown,0,0,0,0.0,0,0,0,0,0,0,0,0,0.0,0.0,0.1,GB,WR,2013
157,Auden Tate,0,0,0,0.0,0,0,0,0,0,0,0,0,0.0,0.0,0.1,CIN,WR,2013
158,Richie James Jr.,0,0,0,0.0,0,0,0,0,0,0,0,0,0.0,0.0,0.0,SF,WR,2013
159,Allen Lazard,0,0,0,0.0,0,0,0,0,0,0,0,0,0.0,0.0,23.4,GB,WR,2013
160,D.J. Chark Jr.,0,0,0,0.0,0,0,0,0,0,0,0,0,0.0,0.0,17.9,JAC,WR,2013
161,Braxton Berrios,0,0,0,0.0,0,0,0,0,0,0,0,0,0.0,0.0,6.3,NYJ,WR,2013
162,Jester Weah,0,0,0,0.0,0,0,0,0,0,0,0,0,0.0,0.0,0.0,CHI,WR,2013
163,Christian Kirk,0,0,0,0.0,0,0,0,0,0,0,0,0,0.0,0.0,79.5,ARI,WR,2013
164,DJ Moore,0,0,0,0.0,0,0,0,0,0,0,0,0,0.0,0.0,95.7,CAR,WR,2013
165,Dante Pettis,0,0,0,0.0,0,0,0,0,0,0,0,0,0.0,0.0,0.1,NYG,WR,2013
166,Deon Cain,0,0,0,0.0,0,0,0,0,0,0,0,0,0.0,0.0,0.0,PHI,WR,2013
167,Cedrick Wilson Jr.,0,0,0,0.0,0,0,0,0,0,0,0,0,0.0,0.0,4.0,DAL,WR,2013
168,Tre'Quan Smith,0,0,0,0.0,0,0,0,0,0,0,0,0,0.0,0.0,7.5,NO,WR,2013
169,Keke Coutee,0,0,0,0.0,0,0,0,0,0,0,0,0,0.0,0.0,0.0,IND,WR,2013
170,Calvin Ridley,0,0,0,0.0,0,0,0,0,0,0,0,0,0.0,0.0,56.8,ATL,WR,2013
171,Byron Pringle,0,0,0,0.0,0,0,0,0,0,0,0,0,0.0,0.0,2.7,KC,WR,2013
172,J.J. Jones,0,0,0,0.0,0,0,0,0,0,0,0,14,0.0,0.0,0.0,FA,WR,2013
173,Vyncint Smith,0,0,0,0.0,0,0,0,0,0,0,0,0,0.0,0.0,0.0,TB,WR,2013
174,Daurice Fountain,0,0,0,0.0,0,0,0,0,0,0,0,0,0.0,0.0,0.0,KC,WR,2013
175,Russell Gage,0,0,0,0.0,0,0,0,0,0,0,0,0,0.0,0.0,60.2,ATL,WR,2013
176,Justin Watson,0,0,0,0.0,0,0,0,0,0,0,0,0,0.0,0.0,0.0,KC,WR,2013
177,Dylan Cantrell,0,0,0,0.0,0,0,0,0,0,0,0,0,0.0,0.0,0.0,WAS,WR,2013
178,Austin Proehl,0,0,0,0.0,0,0,0,0,0,0,0,0,0.0,0.0,0.0,NYG,WR,2013
179,Ray-Ray McCloud,0,0,0,0.0,0,0,0,0,0,0,0,0,0.0,0.0,1.0,PIT,WR,2013
180,Marquez Valdes-Scantling,0,0,0,0.0,0,0,0,0,0,0,0,0,0.0,0.0,36.0,GB,WR,2013
181,Michael Gallup,0,0,0,0.0,0,0,0,0,0,0,0,0,0.0,0.0,72.8,DAL,WR,2013
182,Brandon Powell,0,0,0,0.0,0,0,0,0,0,0,0,0,0.0,0.0,0.0,LAR,WR,2013
183,Cyril Grayson Jr.,0,0,0,0.0,0,0,0,0,0,0,0,0,0.0,0.0,2.8,TB,WR,2013
184,Kendrick Bourne,0,0,0,0.0,0,0,0,0,0,0,0,0,0.0,0.0,23.7,NE,WR,2013
185,Zach Pascal,0,0,0,0.0,0,0,0,0,0,0,0,0,0.0,0.0,3.5,IND,WR,2013
186,Anthony Miller,0,0,0,0.0,0,0,0,0,0,0,0,0,0.0,0.0,0.3,PIT,WR,2013
187,James Washington,0,0,0,0.0,0,0,0,0,0,0,0,0,0.0,0.0,1.5,PIT,WR,2013
188,Courtland Sutton,0,0,0,0.0,0,0,0,0,0,0,0,0,0.0,0.0,67.5,DEN,WR,2013
189,Brandon Zylstra,0,0,0,0.0,0,0,0,0,0,0,0,0,0.0,0.0,0.1,CAR,WR,2013
190,River Cracraft,0,0,0,0.0,0,0,0,0,0,0,0,0,0.0,0.0,0.0,MIA,WR,2013
191,Greg Ward,0,0,0,0.0,0,0,0,0,0,0,0,0,0.0,0.0,0.1,PHI,WR,2013
192,Stanley Morgan Jr.,0,0,0,0.0,0,0,0,0,0,0,0,0,0.0,0.0,0.0,CIN,WR,2013
193,Terry Godwin,0,0,0,0.0,0,0,0,0,0,0,0,0,0.0,0.0,0.0,JAC,WR,2013
194,Hunter Renfrow,0,0,0,0.0,0,0,0,0,0,0,0,0,0.0,0.0,89.8,LV,WR,2013
195,Collin Johnson,0,0,0,0.0,0,0,0,0,0,0,0,0,0.0,0.0,0.1,NYG,WR,2013
196,Deebo Samuel,0,0,0,0.0,0,0,0,0,0,0,0,0,0.0,0.0,98.8,SF,WR,2013
197,J.J. Arcega-Whiteside,0,0,0,0.0,0,0,0,0,0,0,0,0,0.0,0.0,0.1,PHI,WR,2013
198,Hakeem Butler,0,0,0,0.0,0,0,0,0,0,0,0,0,0.0,0.0,0.0,PHI,WR,2013
199,Kelvin Harmon,0,0,0,0.0,0,0,0,0,0,0,0,0,0.0,0.0,0.0,WAS,WR,2013
200,Marquise Brown,0,0,0,0.0,0,0,0,0,0,0,0,0,0.0,0.0,92.8,BAL,WR,2013
201,N'Keal Harry,0,0,0,0.0,0,0,0,0,0,0,0,0,0.0,0.0,0.2,NE,WR,2013
202,D.K. Metcalf,0,0,0,0.0,0,0,0,0,0,0,0,0,0.0,0.0,98.9,SEA,WR,2013
203,A.J. Brown,0,0,0,0.0,0,0,0,0,0,0,0,0,0.0,0.0,97.8,TEN,WR,2013
204,Shaq Roland,0,0,0,0.0,0,0,0,0,0,0,0,0,0.0,0.0,0.0,CHI,WR,2013
205,Andy Isabella,0,0,0,0.0,0,0,0,0,0,0,0,0,0.0,0.0,0.1,ARI,WR,2013
206,KeeSean Johnson,0,0,0,0.0,0,0,0,0,0,0,0,0,0.0,0.0,0.0,SF,WR,2013
207,Diontae Johnson,0,0,0,0.0,0,0,0,0,0,0,0,0,0.0,0.0,98.1,PIT,WR,2013
208,Preston Williams,0,0,0,0.0,0,0,0,0,0,0,0,0,0.0,0.0,0.1,MIA,WR,2013
209,Anthony Ratliff-Williams,0,0,0,0.0,0,0,0,0,0,0,0,0,0.0,0.0,0.0,SEA,WR,2013
210,Jakobi Meyers,0,0,0,0.0,0,0,0,0,0,0,0,0,0.0,0.0,66.5,NE,WR,2013
211,Lil'Jordan Humphrey,0,0,0,0.0,0,0,0,0,0,0,0,0,0.0,0.0,0.2,NO,WR,2013
212,Mecole Hardman,0,0,0,0.0,0,0,0,0,0,0,0,0,0.0,0.0,29.2,KC,WR,2013
213,Greg Dortch,0,0,0,0.0,0,0,0,0,0,0,0,0,0.0,0.0,0.0,ARI,WR,2013
214,David Sills V,0,0,0,0.0,0,0,0,0,0,0,0,0,0.0,0.0,0.0,NYG,WR,2013
215,Cody Thompson,0,0,0,0.0,0,0,0,0,0,0,0,0,0.0,0.0,0.0,SEA,WR,2013
216,Davion Davis,0,0,0,0.0,0,0,0,0,0,0,0,0,0.0,0.0,0.0,HOU,WR,2013
217,DeAndre Thompkins,0,0,0,0.0,0,0,0,0,0,0,0,0,0.0,0.0,0.0,GB,WR,2013
218,Travis Fulgham,0,0,0,0.0,0,0,0,0,0,0,0,0,0.0,0.0,0.0,DEN,WR,2013
219,Terry McLaurin,0,0,0,0.0,0,0,0,0,0,0,0,0,0.0,0.0,97.0,WAS,WR,2013
220,Parris Campbell,0,0,0,0.0,0,0,0,0,0,0,0,0,0.0,0.0,4.5,IND,WR,2013
221,Devin Ross,0,0,0,0.0,0,0,0,0,0,0,0,0,0.0,0.0,0.0,NE,WR,2013
222,Rico Gafford,0,0,0,0.0,0,0,0,0,0,0,0,0,0.0,0.0,0.0,GB,WR,2013
223,Cameron Batson,0,0,0,0.0,0,0,0,0,0,0,0,0,0.0,0.0,0.0,TEN,WR,2013
224,Trent Sherfield,0,0,0,0.0,0,0,0,0,0,0,0,0,0.0,0.0,0.1,SF,WR,2013
225,Christian Blake,0,0,0,0.0,0,0,0,0,0,0,0,0,0.0,0.0,0.0,ATL,WR,2013
226,Cam Sims,0,0,0,0.0,0,0,0,0,0,0,0,0,0.0,0.0,0.1,WAS,WR,2013
227,Malik Turner,0,0,0,0.0,0,0,0,0,0,0,0,0,0.0,0.0,0.1,DAL,WR,2013
228,KhaDarel Hodge,0,0,0,0.0,0,0,0,0,0,0,0,0,0.0,0.0,0.1,DET,WR,2013
229,Cade Johnson,0,0,0,0.0,0,0,0,0,0,0,0,0,0.0,0.0,0.0,SEA,WR,2013
230,Frank Darby,0,0,0,0.0,0,0,0,0,0,0,0,0,0.0,0.0,0.0,ATL,WR,2013
231,Warren Jackson,0,0,0,0.0,0,0,0,0,0,0,0,0,0.0,0.0,0.0,LAR,WR,2013
232,Joshua Palmer,0,0,0,0.0,0,0,0,0,0,0,0,0,0.0,0.0,5.4,LAC,WR,2013
233,Ben Skowronek,0,0,0,0.0,0,0,0,0,0,0,0,0,0.0,0.0,0.1,LAR,WR,2013
234,Damon Hazelton,0,0,0,0.0,0,0,0,0,0,0,0,0,0.0,0.0,0.0,HOU,WR,2013
235,Cornell Powell,0,0,0,0.0,0,0,0,0,0,0,0,0,0.0,0.0,0.0,KC,WR,2013
236,Dax Milne,0,0,0,0.0,0,0,0,0,0,0,0,0,0.0,0.0,0.0,WAS,WR,2013
237,Austin Watkins Jr.,0,0,0,0.0,0,0,0,0,0,0,0,0,0.0,0.0,0.0,TB,WR,2013
238,Jaelon Darden,0,0,0,0.0,0,0,0,0,0,0,0,0,0.0,0.0,0.1,TB,WR,2013
239,D'Wayne Eskridge,0,0,0,0.0,0,0,0,0,0,0,0,0,0.0,0.0,0.6,SEA,WR,2013
240,Chris Blair,0,0,0,0.0,0,0,0,0,0,0,0,0,0.0,0.0,0.0,GB,WR,2013
241,DeVonte Dedmon,0,0,0,0.0,0,0,0,0,0,0,0,0,0.0,0.0,0.0,MIA,WR,2013
242,Tre Nixon,0,0,0,0.0,0,0,0,0,0,0,0,0,0.0,0.0,0.0,NE,WR,2013
243,Mike Strachan,0,0,0,0.0,0,0,0,0,0,0,0,0,0.0,0.0,0.0,IND,WR,2013
244,Landen Akers,0,0,0,0.0,0,0,0,0,0,0,0,0,0.0,0.0,0.0,LAR,WR,2013
245,Myron Mitchell,0,0,0,0.0,0,0,0,0,0,0,0,0,0.0,0.0,0.0,MIN,WR,2013
246,Brandon Smith,0,0,0,0.0,0,0,0,0,0,0,0,0,0.0,0.0,0.0,DAL,WR,2013
247,Rico Bussey,0,0,0,0.0,0,0,0,0,0,0,0,0,0.0,0.0,0.0,PIT,WR,2013
248,Javon McKinley,0,0,0,0.0,0,0,0,0,0,0,0,0,0.0,0.0,0.0,DET,WR,2013
249,Osirus Mitchell,0,0,0,0.0,0,0,0,0,0,0,0,0,0.0,0.0,0.0,DAL,WR,2013
250,Kawaan Baker,0,0,0,0.0,0,0,0,0,0,0,0,0,0.0,0.0,0.0,NO,WR,2013
251,Jalen Camp,0,0,0,0.0,0,0,0,0,0,0,0,0,0.0,0.0,0.0,HOU,WR,2013
252,Connor Wedington,0,0,0,0.0,0,0,0,0,0,0,0,0,0.0,0.0,0.0,SF,WR,2013
253,Racey McMath,0,0,0,0.0,0,0,0,0,0,0,0,0,0.0,0.0,0.0,TEN,WR,2013
254,Austin Trammell,0,0,0,0.0,0,0,0,0,0,0,0,0,0.0,0.0,0.0,ATL,WR,2013
255,Jacob Harris,0,0,0,0.0,0,0,0,0,0,0,0,0,0.0,0.0,0.0,LAR,WR,2013
256,Terrace Marshall Jr.,0,0,0,0.0,0,0,0,0,0,0,0,0,0.0,0.0,3.0,CAR,WR,2013
257,Micah Simon,0,0,0,0.0,0,0,0,0,0,0,0,0,0.0,0.0,0.0,CAR,WR,2013
258,Simi Fehoko,0,0,0,0.0,0,0,0,0,0,0,0,0,0.0,0.0,0.1,DAL,WR,2013
259,Michael Bandy,0,0,0,0.0,0,0,0,0,0,0,0,0,0.0,0.0,0.0,LAC,WR,2013
260,Travis Toivonen,0,0,0,0.0,0,0,0,0,0,0,0,0,0.0,0.0,0.0,NYG,WR,2013
261,C.J. Saunders,0,0,0,0.0,0,0,0,0,0,0,0,0,0.0,0.0,0.0,CAR,WR,2013
262,Donte Sylencieux,0,0,0,0.0,0,0,0,0,0,0,0,0,0.0,0.0,0.0,BAL,WR,2013
263,Tim Jones,0,0,0,0.0,0,0,0,0,0,0,0,0,0.0,0.0,0.0,JAC,WR,2013
264,Dillon Stoner,0,0,0,0.0,0,0,0,0,0,0,0,0,0.0,0.0,0.0,LV,WR,2013
265,DJ Turner,0,0,0,0.0,0,0,0,0,0,0,0,0,0.0,0.0,0.0,LV,WR,2013
266,Isaac Whitney,0,0,0,0.0,0,0,0,0,0,0,0,0,0.0,0.0,0.0,ARI,WR,2013
267,Keelan Cole Sr.,0,0,0,0.0,0,0,0,0,0,0,0,0,0.0,0.0,1.0,NYJ,WR,2013
268,Rishard Matthews,41,67,448,10.9,29,7,2,0,0,0,0,16,0.0,0.0,0.0,FA,WR,2013
269,Damaris Johnson,2,3,14,7.0,8,0,0,0,0,0,1,13,0.0,0.0,0.0,FA,WR,2013
270,Michael Calvin,0,0,0,0.0,0,0,0,0,0,0,0,0,0.0,0.0,0.0,TEN,WR,2013
271,Jarrett Boykin,49,83,681,13.9,52,10,3,0,0,0,0,16,0.0,0.0,0.0,FA,WR,2013
272,Andre Holmes,25,52,431,17.2,40,10,1,0,0,0,0,10,0.0,0.0,0.0,FA,WR,2013
273,Junior Hemingway,13,19,125,9.6,24,1,2,0,0,0,1,16,0.0,0.0,0.0,FA,WR,2013
274,Jeremy Ebert,3,8,18,6.0,8,0,0,0,0,0,0,5,0.0,0.0,0.0,FA,WR,2013
275,LaVon Brazill,12,27,161,13.4,29,1,2,0,0,0,0,10,0.0,0.0,0.0,FA,WR,2013
276,Rod Streater,60,99,888,14.8,66,10,4,2,17,0,1,16,0.0,0.0,0.1,FA,WR,2013
277,Juron Criner,3,8,32,10.7,20,1,0,0,0,0,0,1,0.0,0.0,0.0,FA,WR,2013
278,Keshawn Martin,22,40,253,11.5,32,3,2,0,0,0,1,16,0.0,0.0,0.0,FA,WR,2013
279,Devon Wylie,0,0,0,0.0,0,0,0,0,0,0,1,2,0.0,0.0,0.0,FA,WR,2013
280,Trevor Graham,23,58,361,15.7,47,6,2,4,14,0,1,16,0.0,0.0,0.0,FA,WR,2013
281,A.J. Jenkins,8,17,130,16.3,48,3,0,2,6,0,0,16,0.0,0.0,0.0,FA,WR,2013
282,Stephen Hill,24,59,342,14.3,51,5,1,0,0,0,1,12,0.0,0.0,0.0,FA,WR,2013
283,Jeremy Ross,6,12,67,11.2,19,0,1,2,40,0,1,13,0.0,0.0,0.0,FA,WR,2013
284,Kerry Taylor,22,34,229,10.4,17,0,1,0,0,0,0,10,0.0,0.0,0.0,FA,WR,2013
285,Josh Cooper,9,14,60,6.7,16,0,0,0,0,0,0,5,0.0,0.0,0.0,FA,WR,2013
286,Deonte Thompson,10,19,96,9.6,33,1,0,0,0,0,0,7,0.0,0.0,0.0,FA,WR,2013
287,Chris Owusu,13,20,114,8.8,20,1,0,0,0,0,0,9,0.0,0.0,0.0,FA,WR,2013
288,Saalim Hakim,0,1,0,0.0,0,0,0,2,-3,0,0,3,0.0,0.0,0.0,FA,WR,2013
289,Mike Brown,32,56,446,13.9,43,6,2,0,0,0,1,11,0.0,0.0,0.0,FA,WR,2013
290,Joe Anderson,0,1,0,0.0,0,0,0,0,0,0,0,6,0.0,0.0,0.0,FA,WR,2013
291,Michael Preston,5,7,37,7.4,10,0,2,0,0,0,0,7,0.0,0.0,0.0,FA,WR,2013
292,Josh Bellamy,0,0,0,0.0,0,0,0,0,0,0,0,5,0.0,0.0,0.0,FA,WR,2013
293,Jermaine Kearse,22,38,346,15.7,43,5,4,0,0,0,1,15,0.0,0.0,0.0,FA,WR,2013
294,Drew Davis,12,17,216,18.0,59,5,2,0,0,0,0,16,0.0,0.0,0.0,FA,WR,2013
295,Marcus Thigpen,8,11,97,12.1,50,1,1,6,18,0,0,16,0.0,0.0,0.0,FA,WR,2013
296,Griff Whalen,24,40,259,10.8,25,3,2,0,0,0,0,9,0.0,0.0,0.0,FA,WR,2013
297,Lance Lewis,0,0,0,0.0,0,0,0,0,0,0,0,3,0.0,0.0,0.0,FA,WR,2013
298,Kevin Cone,1,1,12,12.0,12,0,0,0,0,0,0,16,0.0,0.0,0.0,FA,WR,2013
299,B.J. Cunningham,0,0,0,0.0,0,0,0,0,0,0,0,2,0.0,0.0,0.0,FA,WR,2013
300,Russell Shepard,0,0,0,0.0,0,0,0,0,0,0,0,14,0.0,0.0,0.0,FA,WR,2013
301,Ricardo Lockette,5,7,82,16.4,33,2,0,1,-2,0,0,8,0.0,0.0,0.0,FA,WR,2013
302,Bryan Walters,0,0,0,0.0,0,0,0,0,0,0,0,4,0.0,0.0,0.0,FA,WR,2013
303,Jeff Maehl,4,9,67,16.8,37,1,1,0,0,0,0,16,0.0,0.0,0.0,FA,WR,2013
304,Lestar Jean,4,8,35,8.8,11,0,0,0,0,0,0,13,0.0,0.0,0.0,FA,WR,2013
305,Demario Ballard,0,0,0,0.0,0,0,0,0,0,0,0,0,0.0,0.0,0.0,DET,WR,2013
306,Terrelle Pryor Sr.,0,0,0,0.0,0,0,0,83,576,2,2,11,0.0,0.0,0.0,FA,WR,2013
307,Dane Sanzenbacher,6,8,61,10.2,23,1,0,0,0,0,0,10,0.0,0.0,0.0,FA,WR,2013
308,Tori Gurley,1,3,15,15.0,15,0,0,0,0,0,0,3,0.0,0.0,0.0,FA,WR,2013
309,Stephen Burton,8,13,76,9.5,22,1,0,1,-9,0,0,4,0.0,0.0,0.0,FA,WR,2013
310,Aldrick Robinson,18,46,365,20.3,62,5,2,3,-4,0,0,16,0.0,0.0,0.0,FA,WR,2013
311,Ryan Whalen,0,0,0,0.0,0,0,0,0,0,0,0,4,0.0,0.0,0.0,FA,WR,2013
312,Jeremy Kerley,43,72,523,12.2,26,7,3,4,11,0,0,12,0.0,0.0,0.0,FA,WR,2013
313,Denarius Moore,46,86,695,15.1,73,9,5,0,0,0,0,13,0.0,0.0,0.0,FA,WR,2013
314,Cecil Shorts,66,125,777,11.8,59,10,3,0,0,0,0,13,0.0,0.0,0.0,FA,WR,2013
315,Doug Baldwin,50,73,778,15.6,52,14,5,2,6,0,0,16,0.0,0.0,0.0,FA,WR,2013
316,Chris Givens,34,83,569,16.7,47,13,0,3,8,0,1,16,0.0,0.0,0.0,FA,WR,2013
317,Kendall Wright,94,140,1079,11.5,45,17,2,0,0,0,0,16,0.0,0.0,0.0,FA,WR,2013
318,Brian Quick,18,34,302,16.8,73,5,2,0,0,0,0,16,0.0,0.0,0.0,FA,WR,2013
319,Jarius Wright,26,43,434,16.7,42,10,3,0,0,0,0,16,0.0,0.0,0.0,FA,WR,2013
320,Patrick Edwards,0,0,0,0.0,0,0,0,0,0,0,0,0,0.0,0.0,0.0,DET,WR,2013
321,Ryan Broyles,8,14,85,10.6,22,1,0,0,0,0,0,6,0.0,0.0,0.0,FA,WR,2013
322,Nick Toon,4,12,68,17.0,35,1,0,0,0,0,0,8,0.0,0.0,0.0,FA,WR,2013
323,DeVier Posey,15,25,155,10.3,42,1,0,0,0,0,0,14,0.0,0.0,0.0,FA,WR,2013
324,Marvin McNutt,0,1,0,0.0,0,0,0,0,0,0,0,1,0.0,0.0,0.0,FA,WR,2013
325,Rueben Randle,41,79,611,14.9,37,16,6,0,0,0,1,16,0.0,0.0,0.0,FA,WR,2013
326,Michael Floyd,65,112,1041,16.0,91,17,5,0,0,0,0,16,0.0,0.0,0.0,FA,WR,2013
327,Justin Blackmon,29,48,415,14.3,67,4,1,1,-1,0,0,4,0.0,0.0,0.0,FA,WR,2013
328,Trindon Holliday,0,0,0,0.0,0,0,0,1,7,0,2,15,0.0,0.0,0.0,FA,WR,2013
329,Eron Riley,0,0,0,0.0,0,0,0,0,0,0,0,0,0.0,0.0,0.0,NYJ,WR,2013
330,Andrew Hawkins,12,18,199,16.6,50,4,0,2,3,0,0,8,0.0,0.0,0.0,FA,WR,2013
331,Edmond Gates,12,24,122,10.2,34,1,0,0,0,0,0,6,0.0,0.0,0.0,FA,WR,2013
332,Jarvis Landry,0,0,0,0.0,0,0,0,0,0,0,0,0,0.0,0.0,72.5,CLE,WR,2013
333,Odell Beckham Jr.,0,0,0,0.0,0,0,0,0,0,0,0,0,0.0,0.0,90.8,LAR,WR,2013
334,Allen Robinson II,0,0,0,0.0,0,0,0,0,0,0,0,0,0.0,0.0,53.7,CHI,WR,2013
335,Jordan Matthews,0,0,0,0.0,0,0,0,0,0,0,0,0,0.0,0.0,0.0,SF,WR,2013
336,Davante Adams,0,0,0,0.0,0,0,0,0,0,0,0,0,0.0,0.0,100.0,GB,WR,2013
337,Brandin Cooks,0,0,0,0.0,0,0,0,0,0,0,0,0,0.0,0.0,92.7,HOU,WR,2013
338,Mike Evans,0,0,0,0.0,0,0,0,0,0,0,0,0,0.0,0.0,97.8,TB,WR,2013
339,Sammy Watkins,0,0,0,0.0,0,0,0,0,0,0,0,0,0.0,0.0,7.0,BAL,WR,2013
340,Julian Talley,0,2,0,0.0,0,0,0,0,0,0,0,2,0.0,0.0,0.0,FA,WR,2013
341,Ryan Davis,0,0,0,0.0,0,0,0,0,0,0,0,7,0.0,0.0,0.0,FA,WR,2013
342,Albert Wilson,0,0,0,0.0,0,0,0,0,0,0,0,0,0.0,0.0,0.8,MIA,WR,2013
343,James Wright,0,0,0,0.0,0,0,0,0,0,0,0,16,0.0,0.0,0.0,FA,WR,2013
344,John Brown,0,0,0,0.0,0,0,0,0,0,0,0,16,0.0,0.0,1.3,FA,WR,2013
345,Justin Veltung,0,0,0,0.0,0,0,0,0,0,0,0,3,0.0,0.0,0.0,FA,WR,2013
346,Nick Williams,3,11,15,5.0,6,0,0,0,0,0,0,5,0.0,0.0,0.0,FA,WR,2013
347,Chris Harper,0,0,0,0.0,0,0,0,0,0,0,0,4,0.0,0.0,0.0,FA,WR,2013
348,Brice Butler,9,17,103,11.4,29,2,0,0,0,0,0,10,0.0,0.0,0.0,FA,WR,2013
349,Duke Williams,0,0,0,0.0,0,0,0,0,0,0,0,16,0.0,0.0,0.0,FA,WR,2013
350,Terrance Williams,44,74,736,16.7,82,12,5,3,4,0,2,16,0.0,0.0,0.0,FA,WR,2013
351,Justin Hunter,18,42,354,19.7,57,5,4,0,0,0,0,14,0.0,0.0,0.0,FA,WR,2013
352,Tavon Austin,40,69,418,10.5,81,5,4,9,151,1,1,13,0.0,0.0,0.1,JAC,WR,2013
353,Aaron Dobson,37,72,519,14.0,81,6,4,0,0,0,0,12,0.0,0.0,0.0,FA,WR,2013
354,Quinton Patton,3,5,34,11.3,29,1,0,1,26,0,0,6,0.0,0.0,0.2,FA,WR,2013
355,Rodney Smith,0,0,0,0.0,0,0,0,0,0,0,0,4,0.0,0.0,0.0,FA,WR,2013
356,Keenan Allen,71,104,1046,14.7,43,16,8,0,0,0,2,15,0.0,0.0,99.3,LAC,WR,2013
357,Stedman Bailey,17,25,226,13.3,28,2,0,2,33,1,0,16,0.0,0.0,0.0,FA,WR,2013
358,Josh Boyce,9,19,121,13.4,30,3,0,0,0,0,0,9,0.0,0.0,0.0,FA,WR,2013
359,Cordarrelle Patterson,45,77,469,10.4,79,7,4,12,158,3,0,16,0.0,0.0,95.1,ATL,WR,2013
360,Da'Rick Rogers,14,23,192,13.7,69,1,2,1,0,0,0,5,0.0,0.0,0.0,FA,WR,2013
361,Markus Wheaton,6,13,64,10.7,21,1,0,0,0,0,0,12,0.0,0.0,0.0,FA,WR,2013
362,Marquess Wilson,2,3,13,6.5,10,0,0,0,0,0,0,10,0.0,0.0,0.0,FA,WR,2013
363,Ace Sanders,51,86,484,9.5,51,8,1,2,4,0,0,15,0.0,0.0,0.0,FA,WR,2013
364,Brian Tyms,2,5,12,6.0,6,0,0,0,0,0,0,7,0.0,0.0,0.0,FA,WR,2013
365,Eric Page,4,9,68,17.0,30,2,0,2,14,0,2,16,0.0,0.0,0.0,FA,WR,2013
366,Skye Dawson,2,7,12,6.0,9,0,0,2,15,0,0,7,0.0,0.0,0.0,FA,WR,2013
367,Myles White,9,12,66,7.3,15,0,0,0,0,0,0,7,0.0,0.0,0.0,FA,WR,2013
368,Brittan Golden,4,10,136,34.0,63,2,0,0,0,0,0,5,0.0,0.0,0.0,FA,WR,2013
369,Michael Campbell,0,2,0,0.0,0,0,0,0,0,0,0,4,0.0,0.0,0.0,FA,WR,2013
370,Derek Moye,2,6,20,10.0,19,0,1,0,0,0,0,7,0.0,0.0,0.0,FA,WR,2013
371,Darius Johnson,22,43,210,9.5,17,0,1,0,0,0,1,10,0.0,0.0,0.0,FA,WR,2013
372,Lamaar Thomas,2,3,31,15.5,18,0,0,0,0,0,0,2,0.0,0.0,0.0,FA,WR,2013
373,Marlon Brown,49,83,524,10.7,59,6,7,1,-2,0,0,14,0.0,0.0,0.0,FA,WR,2013
374,Greg Jenkins,0,1,0,0.0,0,0,0,0,0,0,1,6,0.0,0.0,0.0,FA,WR,2013
375,Jaron Brown,11,18,140,12.7,32,1,1,0,0,0,0,16,0.0,0.0,0.0,ARI,WR,2013
376,Ryan Spadola,0,1,0,0.0,0,0,0,0,0,0,0,4,0.0,0.0,0.0,FA,WR,2013
377,Kenbrell Thompkins,32,69,466,14.6,49,8,4,0,0,0,0,12,0.0,0.0,0.0,FA,WR,2013
378,Tobais Palmer,0,0,0,0.0,0,0,0,0,0,0,0,1,0.0,0.0,0.0,FA,WR,2013
379,Greg Salas,8,13,143,17.9,44,3,0,0,0,0,0,8,0.0,0.0,0.0,FA,WR,2013
380,Kris Durham,38,85,490,12.9,40,7,2,0,0,0,1,16,0.0,0.0,0.0,FA,WR,2013
381,John Standeford,0,0,0,0.0,0,0,0,0,0,0,0,0,0.0,0.0,0.0,DET,WR,2013
382,Jerricho Cotchery,46,76,602,13.1,36,9,10,1,-5,0,0,16,0.0,0.0,0.0,FA,WR,2013
383,Jerome Simpson,48,100,726,15.1,51,12,1,0,0,0,0,16,0.0,0.0,0.0,FA,WR,2013
384,Jason Avant,38,76,447,11.8,31,9,2,0,0,0,1,16,0.0,0.0,0.0,FA,WR,2013
385,Josh Cribbs,2,2,6,3.0,5,0,0,13,55,0,0,6,0.0,0.0,0.0,FA,WR,2013
386,James Jones,59,93,817,13.8,83,12,3,0,0,0,1,14,0.0,0.0,0.0,FA,WR,2013
387,Jacoby Jones,37,67,455,12.3,66,5,2,2,0,0,0,12,0.0,0.0,0.0,FA,WR,2013
388,Hakeem Nicks,56,101,896,16.0,57,14,0,0,0,0,0,15,0.0,0.0,0.0,FA,WR,2013
389,Greg Jennings,68,105,804,11.8,70,11,4,0,0,0,0,15,0.0,0.0,0.0,FA,WR,2013
390,Jordy Nelson,85,127,1314,15.5,76,22,8,0,0,0,0,16,0.0,0.0,0.1,FA,WR,2013
391,Josh Morgan,20,33,214,10.7,21,1,0,2,13,0,0,14,0.0,0.0,0.0,FA,WR,2013
392,Eddie Royal,47,67,631,13.4,54,12,8,3,21,0,1,15,0.0,0.0,0.0,FA,WR,2013
393,Marko Mitchell,0,0,0,0.0,0,0,0,0,0,0,0,0,0.0,0.0,0.0,MIN,WR,2013
394,Mario Manningham,9,23,85,9.4,14,0,0,0,0,0,0,6,0.0,0.0,0.0,FA,WR,2013
395,Malcom Floyd,6,11,149,24.8,47,3,0,0,0,0,0,2,0.0,0.0,0.0,FA,WR,2013
396,Louis Murphy,6,13,37,6.2,8,0,1,0,0,0,1,14,0.0,0.0,0.0,FA,WR,2013
397,Lavelle Hawkins,0,0,0,0.0,0,0,0,0,0,0,0,4,0.0,0.0,0.0,FA,WR,2013
398,Lance Moore,37,54,457,12.4,44,5,2,0,0,0,1,13,0.0,0.0,0.0,FA,WR,2013
399,Lance Long,0,0,0,0.0,0,0,0,0,0,0,0,0,0.0,0.0,0.0,SF,WR,2013
400,Kevin Ogletree,21,45,269,12.8,43,4,2,0,0,0,0,16,0.0,0.0,0.0,FA,WR,2013
401,Kenny McKinley,0,0,0,0.0,0,0,0,0,0,0,0,0,0.0,0.0,0.0,DEN,WR,2013
402,Kenny Britt,11,35,96,8.7,15,0,0,0,0,0,0,12,0.0,0.0,0.0,FA,WR,2013
403,Kassim Osgood,1,1,17,17.0,17,0,0,0,0,0,0,14,0.0,0.0,0.0,FA,WR,2013
404,Juaquin Iglesias,0,0,0,0.0,0,0,0,0,0,0,0,0,0.0,0.0,0.0,MIN,WR,2013
405,Eric Weems,1,2,8,8.0,8,0,0,0,0,0,0,16,0.0,0.0,0.0,FA,WR,2013
406,Calvin Johnson,84,157,1492,17.8,87,22,12,0,0,0,1,14,0.0,0.0,0.1,FA,WR,2013
407,Brian Robiskie,0,1,0,0.0,0,0,0,0,0,0,0,1,0.0,0.0,0.0,FA,WR,2013
408,Brian Hartline,76,133,1016,13.4,50,14,4,0,0,0,0,16,0.0,0.0,0.0,FA,WR,2013
409,Brandon Tate,1,2,6,6.0,6,0,0,0,0,0,0,16,0.0,0.0,0.0,FA,WR,2013
410,Brandon Stokley,13,21,115,8.8,18,0,0,0,0,0,0,6,0.0,0.0,0.0,FA,WR,2013
411,Brandon Marshall,100,163,1295,13.0,44,16,12,0,0,0,0,16,0.0,0.0,2.6,FA,WR,2013
412,Brandon Gibson,30,43,326,10.9,46,3,3,0,0,0,0,7,0.0,0.0,0.0,FA,WR,2013
413,Brad Smith,2,2,27,13.5,14,0,0,2,2,0,0,6,0.0,0.0,0.0,FA,WR,2013
414,Bobby Wade,0,0,0,0.0,0,0,0,0,0,0,0,0,0.0,0.0,0.0,WAS,WR,2013
415,Ben Obomanu,1,1,8,8.0,8,0,0,0,0,0,0,3,0.0,0.0,0.0,FA,WR,2013
416,Austin Collie,6,11,63,10.5,19,0,0,0,0,0,0,7,0.0,0.0,0.0,FA,WR,2013
417,Anquan Boldin,85,129,1179,13.9,63,19,7,2,11,0,0,16,0.0,0.0,0.1,FA,WR,2013
418,Andre Johnson,109,181,1407,12.9,62,20,5,0,0,0,0,16,0.0,0.0,0.0,FA,WR,2013
419,Earl Bennett,32,43,243,7.6,17,0,4,0,0,0,0,15,0.0,0.0,0.0,FA,WR,2013
420,Dwayne Bowe,57,103,673,11.8,34,9,5,0,0,0,0,15,0.0,0.0,0.0,FA,WR,2013
421,Donnie Avery,40,72,596,14.9,51,10,2,2,6,0,1,16,0.0,0.0,0.0,FA,WR,2013
422,Domenik Hixon,7,9,55,7.9,14,0,1,0,0,0,0,15,0.0,0.0,0.0,FA,WR,2013
423,Devin Hester,0,0,0,0.0,0,0,0,0,0,0,1,16,0.0,0.0,0.4,FA,WR,2013
424,Davone Bess,42,86,362,8.6,20,1,2,0,0,0,1,14,0.0,0.0,0.0,FA,WR,2013
425,Darrius Heyward-Bey,29,64,309,10.7,27,2,1,3,26,0,0,16,0.0,0.0,0.0,FA,WR,2013
426,Chris Henry,0,0,0,0.0,0,0,0,0,0,0,0,0,0.0,0.0,0.0,CIN,WR,2013
427,Marques Colston,75,110,943,12.6,35,13,5,0,0,0,0,15,0.0,0.0,0.0,FA,WR,2013
428,Matthew Slater,0,0,0,0.0,0,0,0,0,0,0,0,12,0.0,0.0,0.0,NE,WR,2013
429,Vincent Brown,41,69,472,11.5,51,3,1,0,0,0,0,16,0.0,0.0,0.0,FA,WR,2013
430,Victor Cruz,73,122,998,13.7,70,10,4,0,0,0,1,14,0.0,0.0,0.1,FA,WR,2013
431,Stephen Williams,0,4,0,0.0,0,0,0,0,0,0,0,6,0.0,0.0,0.0,FA,WR,2013
432,Harry Douglas,85,132,1067,12.6,80,13,2,0,0,0,2,16,0.0,0.0,0.0,FA,WR,2013
433,Jeremy Williams,0,0,0,0.0,0,0,0,0,0,0,0,0,0.0,0.0,0.0,LAC,WR,2013
434,David Nelson,36,61,423,11.8,31,5,2,0,0,0,0,12,0.0,0.0,0.0,FA,WR,2013
435,Onrea Jones,0,0,0,0.0,0,0,0,0,0,0,0,0,0.0,0.0,0.0,CHI,WR,2013
436,David Reed,1,3,2,2.0,2,0,0,0,0,0,0,7,0.0,0.0,0.0,FA,WR,2013
437,Jacoby Ford,13,24,99,7.6,22,1,0,5,15,0,1,14,0.0,0.0,0.0,FA,WR,2013
438,Dominique Edison,0,0,0,0.0,0,0,0,0,0,0,0,0,0.0,0.0,0.0,DAL,WR,2013
439,Riley Cooper,47,84,835,17.8,63,13,8,0,18,0,0,16,0.0,0.0,0.0,FA,WR,2013
440,Marcus Easley,2,5,13,6.5,9,0,0,0,0,0,0,16,0.0,0.0,0.0,FA,WR,2013
441,Eric Decker,87,136,1288,14.8,61,19,11,0,0,0,1,16,0.0,0.0,0.6,FA,WR,2013
442,Damian Williams,15,23,178,11.9,32,3,0,0,0,0,1,10,0.0,0.0,0.0,FA,WR,2013
443,Brandon LaFell,49,85,627,12.8,79,5,5,2,15,0,0,16,0.0,0.0,0.0,FA,WR,2013
444,Armanti Edwards,1,5,10,10.0,10,0,0,1,0,0,0,6,0.0,0.0,0.0,FA,WR,2013
445,Demaryius Thomas,92,142,1430,15.5,78,19,14,0,0,0,0,16,0.0,0.0,0.1,FA,WR,2013
446,Greg Little,41,99,465,11.3,47,4,2,0,0,0,0,16,0.0,0.0,0.0,FA,WR,2013
447,Austin Pettis,38,63,399,10.5,31,4,4,0,0,0,0,16,0.0,0.0,0.0,FA,WR,2013
448,Tandon Doss,19,36,305,16.1,63,6,0,0,0,0,1,15,0.0,0.0,0.0,FA,WR,2013
449,Leonard Hankerson,30,50,375,12.5,29,5,3,0,0,0,0,10,0.0,0.0,0.0,FA,WR,2013
450,Torrey Smith,65,137,1128,17.4,74,20,4,0,0,0,0,16,0.0,0.0,0.0,FA,WR,2013
451,Jerrel Jernigan,29,44,329,11.3,30,3,2,2,57,1,1,15,0.0,0.0,0.0,FA,WR,2013
452,Jon Baldwin,3,9,28,9.3,15,0,0,0,0,0,0,7,0.0,0.0,0.0,FA,WR,2013
453,Andy Fantuz,0,0,0,0.0,0,0,0,0,0,0,0,0,0.0,0.0,0.0,CHI,WR,2013
454,Taj Smith,0,0,0,0.0,0,0,0,0,0,0,0,0,0.0,0.0,0.0,IND,WR,2013
455,Kyle Williams,12,27,113,9.4,16,0,0,2,23,0,0,10,0.0,0.0,0.0,FA,WR,2013
456,Seyi Ajirotutu,3,4,64,21.3,26,2,1,0,0,0,0,14,0.0,0.0,0.0,FA,WR,2013
457,Marlon Moore,7,15,62,8.9,13,0,0,1,9,0,0,14,0.0,0.0,0.0,FA,WR,2013
458,Chad Hall,2,7,20,10.0,11,0,0,0,0,0,0,9,0.0,0.0,0.0,FA,WR,2013
459,Mike Williams,22,40,216,9.8,28,1,2,0,0,0,0,6,0.0,0.0,0.0,FA,WR,2013
460,Nate Hughes,0,0,0,0.0,0,0,0,0,0,0,0,0,0.0,0.0,0.0,JAC,WR,2013
461,Rod Harper,0,0,0,0.0,0,0,0,0,0,0,0,0,0.0,0.0,0.0,PHI,WR,2013
462,Robert Meachem,16,30,324,20.3,60,5,2,2,-1,0,0,15,0.0,0.0,0.0,FA,WR,2013
463,Reggie Wayne,38,58,503,13.2,35,8,2,1,5,0,0,7,0.0,0.0,0.0,FA,WR,2013
464,Pierre Garcon,113,181,1346,11.9,53,16,5,2,19,0,1,16,0.0,0.0,0.0,FA,WR,2013
465,Percy Harvin,1,1,17,17.0,17,0,0,0,0,0,0,1,0.0,0.0,0.1,FA,WR,2013
466,Nate Washington,58,104,919,15.8,77,11,3,0,0,0,0,16,0.0,0.0,0.0,FA,WR,2013
467,Nate Burleson,39,54,461,11.8,47,8,1,2,-8,0,0,9,0.0,0.0,0.0,FA,WR,2013
468,Miles Austin,24,49,244,10.2,20,1,0,0,0,0,0,11,0.0,0.0,0.0,FA,WR,2013
469,Mike Wallace,73,141,930,12.7,57,11,5,3,33,0,0,16,0.0,0.0,0.0,FA,WR,2013
470,Mike Furrey,0,0,0,0.0,0,0,0,0,0,0,0,0,0.0,0.0,0.0,WAS,WR,2013
471,Micheal Spurlock,0,0,0,0.0,0,0,0,0,0,0,0,11,0.0,0.0,0.0,FA,WR,2013
472,Michael Crabtree,19,33,284,14.9,60,3,1,0,0,0,0,5,0.0,0.0,0.0,FA,WR,2013
473,Maurice Purify,0,0,0,0.0,0,0,0,0,0,0,0,0,0.0,0.0,0.0,CIN,WR,2013
474,Roddy White,63,97,711,11.3,39,8,3,0,0,0,1,13,0.0,0.0,0.0,FA,WR,2013
475,Wes Welker,73,111,778,10.7,33,12,10,0,0,0,1,13,0.0,0.0,0.0,FA,WR,2013
476,Vincent Jackson,78,160,1224,15.7,60,19,7,1,0,0,0,16,0.0,0.0,0.0,FA,WR,2013
477,Tyler Grisham,0,0,0,0.0,0,0,0,0,0,0,0,0,0.0,0.0,0.0,PIT,WR,2013
478,Todd Watkins,0,0,0,0.0,0,0,0,0,0,0,0,0,0.0,0.0,0.0,NYG,WR,2013
479,Tiquan Underwood,24,46,440,18.3,85,7,4,0,0,0,0,12,0.0,0.0,0.0,FA,WR,2013
480,Steve Smith,64,110,745,11.6,44,4,4,0,0,0,0,15,0.0,0.0,0.0,FA,WR,2013
481,Steve Johnson,52,101,597,11.5,45,6,3,1,10,0,1,12,0.0,0.0,0.0,FA,WR,2013
482,Sidney Rice,15,35,231,15.4,31,5,3,0,0,0,1,8,0.0,0.0,0.0,FA,WR,2013
483,Santonio Holmes,23,59,456,19.8,69,9,1,0,0,0,0,11,0.0,0.0,0.0,FA,WR,2013
484,Santana Moss,42,78,452,10.8,28,2,2,3,25,0,2,16,0.0,0.0,0.0,FA,WR,2013
485,Sam Giguere,0,0,0,0.0,0,0,0,0,0,0,0,0,0.0,0.0,0.0,NYG,WR,2013
486,Marcus Johnson,0,0,0,0.0,0,0,0,0,0,0,0,0,0.0,0.0,0.6,TEN,WR,2013
487,Johnny Holton,0,0,0,0.0,0,0,0,0,0,0,0,0,0.0,0.0,0.0,NYG,WR,2013
488,Tyreek Hill,0,0,0,0.0,0,0,0,0,0,0,0,0,0.0,0.0,100.0,KC,WR,2013
489,Mike Thomas,0,0,0,0.0,0,0,0,0,0,0,0,0,0.0,0.0,0.1,CIN,WR,2013
490,Kalif Raymond,0,0,0,0.0,0,0,0,0,0,0,0,0,0.0,0.0,3.3,DET,WR,2013
491,Reece Horn,0,0,0,0.0,0,0,0,0,0,0,0,0,0.0,0.0,0.0,CIN,WR,2013
492,Chester Rogers,0,0,0,0.0,0,0,0,0,0,0,0,0,0.0,0.0,0.6,TEN,WR,2013
493,Laquon Treadwell,0,0,0,0.0,0,0,0,0,0,0,0,0,0.0,0.0,2.5,JAC,WR,2013
494,Adam Humphries,0,0,0,0.0,0,0,0,0,0,0,0,0,0.0,0.0,0.8,WAS,WR,2013
495,Michael Thomas,0,0,0,0.0,0,0,0,0,0,0,0,0,0.0,0.0,20.6,NO,WR,2013
496,Alex Erickson,0,0,0,0.0,0,0,0,0,0,0,0,0,0.0,0.0,0.0,CAR,WR,2013
497,Cody Core,0,0,0,0.0,0,0,0,0,0,0,0,0,0.0,0.0,0.0,MIA,WR,2013
498,Robby Anderson,0,0,0,0.0,0,0,0,0,0,0,0,0,0.0,0.0,42.2,CAR,WR,2013
499,Demarcus Robinson,0,0,0,0.0,0,0,0,0,0,0,0,0,0.0,0.0,0.8,KC,WR,2013
500,Chris Moore,0,0,0,0.0,0,0,0,0,0,0,0,0,0.0,0.0,0.1,HOU,WR,2013
501,Tyler Boyd,0,0,0,0.0,0,0,0,0,0,0,0,0,0.0,0.0,71.3,CIN,WR,2013
502,William Fuller V,0,0,0,0.0,0,0,0,0,0,0,0,0,0.0,0.0,22.8,MIA,WR,2013
503,Tajae Sharpe,0,0,0,0.0,0,0,0,0,0,0,0,0,0.0,0.0,1.1,ATL,WR,2013
504,Rashard Higgins,0,0,0,0.0,0,0,0,0,0,0,0,0,0.0,0.0,0.7,CLE,WR,2013
505,Sterling Shepard,0,0,0,0.0,0,0,0,0,0,0,0,0,0.0,0.0,23.7,NYG,WR,2013
506,Jaydon Mickens,0,0,0,0.0,0,0,0,0,0,0,0,0,0.0,0.0,0.0,JAC,WR,2013
507,Jamal Agnew,0,0,0,0.0,0,0,0,0,0,0,0,0,0.0,0.0,1.2,JAC,WR,2013
508,Tanner Gentry,0,0,0,0.0,0,0,0,0,0,0,0,0,0.0,0.0,0.0,BUF,WR,2013
509,Ryan Switzer,0,0,0,0.0,0,0,0,0,0,0,0,0,0.0,0.0,0.0,CLE,WR,2013
510,Gehrig Dieter,0,0,0,0.0,0,0,0,0,0,0,0,0,0.0,0.0,0.0,KC,WR,2013
511,Isaiah McKenzie,0,0,0,0.0,0,0,0,0,0,0,0,0,0.0,0.0,5.5,BUF,WR,2013
512,Tim Patrick,0,0,0,0.0,0,0,0,0,0,0,0,0,0.0,0.0,17.6,DEN,WR,2013
513,Josh Malone,0,0,0,0.0,0,0,0,0,0,0,0,0,0.0,0.0,0.0,TEN,WR,2013
514,Cody Hollister,0,0,0,0.0,0,0,0,0,0,0,0,0,0.0,0.0,0.0,TEN,WR,2013
515,Trent Taylor,0,0,0,0.0,0,0,0,0,0,0,0,0,0.0,0.0,0.0,CIN,WR,2013
516,Robert Davis,0,0,0,0.0,0,0,0,0,0,0,0,0,0.0,0.0,0.0,LV,WR,2013
517,Rodney Adams,0,0,0,0.0,0,0,0,0,0,0,0,0,0.0,0.0,0.0,NYJ,WR,2013
518,Mack Hollins,0,0,0,0.0,0,0,0,0,0,0,0,0,0.0,0.0,0.2,MIA,WR,2013
519,Marcus Kemp,0,0,0,0.0,0,0,0,0,0,0,0,0,0.0,0.0,0.0,KC,WR,2013
520,Justin Hardee,0,0,0,0.0,0,0,0,0,0,0,0,0,0.0,0.0,0.0,NYJ,WR,2013
521,Andre Caldwell,16,29,200,12.5,36,2,3,1,7,0,0,16,0.0,0.0,0.0,FA,WR,2013
522,C.J. Board,0,0,0,0.0,0,0,0,0,0,0,0,0,0.0,0.0,0.0,NYG,WR,2013
523,Kenny Golladay,0,0,0,0.0,0,0,0,0,0,0,0,0,0.0,0.0,51.8,NYG,WR,2013
524,Tommylee Lewis,0,0,0,0.0,0,0,0,0,0,0,0,0,0.0,0.0,0.0,MIA,WR,2013
525,Jake Lampman,0,0,0,0.0,0,0,0,0,0,0,0,0,0.0,0.0,0.0,NO,WR,2013
526,Marken Michel,0,0,0,0.0,0,0,0,0,0,0,0,0,0.0,0.0,0.0,WAS,WR,2013
527,Andy Jones,0,0,0,0.0,0,0,0,0,0,0,0,0,0.0,0.0,0.0,NYG,WR,2013
528,Shelton Gibson,0,0,0,0.0,0,0,0,0,0,0,0,0,0.0,0.0,0.0,CAR,WR,2013
529,Chad Hansen,0,0,0,0.0,0,0,0,0,0,0,0,0,0.0,0.0,0.0,ATL,WR,2013
530,Noah Brown,0,0,0,0.0,0,0,0,0,0,0,0,0,0.0,0.0,0.1,DAL,WR,2013
531,Josh Reynolds,0,0,0,0.0,0,0,0,0,0,0,0,0,0.0,0.0,6.9,DET,WR,2013
532,Dede Westbrook,0,0,0,0.0,0,0,0,0,0,0,0,0,0.0,0.0,0.1,MIN,WR,2013
533,Amara Darboh,0,0,0,0.0,0,0,0,0,0,0,0,0,0.0,0.0,0.0,DEN,WR,2013
534,Curtis Samuel,0,0,0,0.0,0,0,0,0,0,0,0,0,0.0,0.0,15.7,WAS,WR,2013
535,Cooper Kupp,0,0,0,0.0,0,0,0,0,0,0,0,0,0.0,0.0,100.0,LAR,WR,2013
536,Isaiah Ford,0,0,0,0.0,0,0,0,0,0,0,0,0,0.0,0.0,0.0,MIA,WR,2013
537,Zay Jones,0,0,0,0.0,0,0,0,0,0,0,0,0,0.0,0.0,6.0,LV,WR,2013
538,Chris Godwin,0,0,0,0.0,0,0,0,0,0,0,0,0,0.0,0.0,67.1,TB,WR,2013
539,John Ross,0,0,0,0.0,0,0,0,0,0,0,0,0,0.0,0.0,0.1,NYG,WR,2013
540,Corey Davis,0,0,0,0.0,0,0,0,0,0,0,0,0,0.0,0.0,29.9,NYJ,WR,2013
541,Mike Williams,0,0,0,0.0,0,0,0,0,0,0,0,0,0.0,0.0,91.9,LAC,WR,2013
542,Adam Thielen,0,0,0,0.0,0,0,0,0,0,0,0,0,0.0,0.0,82.7,MIN,WR,2013
543,Pat Edwards,5,11,46,9.2,11,0,0,0,0,0,0,4,0.0,0.0,0.0,FA,WR,2013
544,Diontae Spencer,0,0,0,0.0,0,0,0,0,0,0,0,0,0.0,0.0,0.1,DEN,WR,2013
545,Bennie Fowler III,0,0,0,0.0,0,0,0,0,0,0,0,0,0.0,0.0,0.0,SF,WR,2013
546,Allen Hurns,0,0,0,0.0,0,0,0,0,0,0,0,0,0.0,0.0,0.0,MIA,WR,2013
547,J.J. Nelson,0,0,0,0.0,0,0,0,0,0,0,0,0,0.0,0.0,0.0,IND,WR,2013
548,Damiere Byrd,0,0,0,0.0,0,0,0,0,0,0,0,0,0.0,0.0,0.1,CHI,WR,2013
549,Tyrell Williams,0,0,0,0.0,0,0,0,0,0,0,0,3,0.0,0.0,4.8,FA,WR,2013
550,Darius Jennings,0,0,0,0.0,0,0,0,0,0,0,0,0,0.0,0.0,0.0,DET,WR,2013
551,Tyler Lockett,0,0,0,0.0,0,0,0,0,0,0,0,0,0.0,0.0,97.5,SEA,WR,2013
552,Nelson Agholor,0,0,0,0.0,0,0,0,0,0,0,0,0,0.0,0.0,13.6,NE,WR,2013
553,Kevin White,0,0,0,0.0,0,0,0,0,0,0,0,0,0.0,0.0,0.0,NO,WR,2013
554,DeVante Parker,0,0,0,0.0,0,0,0,0,0,0,0,0,0.0,0.0,64.3,MIA,WR,2013
555,Amari Cooper,0,0,0,0.0,0,0,0,0,0,0,0,0,0.0,0.0,97.7,DAL,WR,2013
556,Breshad Perriman,0,0,0,0.0,0,0,0,0,0,0,0,0,0.0,0.0,2.5,TB,WR,2013
557,Chris Conley,0,0,0,0.0,0,0,0,0,0,0,0,0,0.0,0.0,0.4,HOU,WR,2013
558,DeAndre Carter,0,0,0,0.0,0,0,0,0,0,0,0,0,0.0,0.0,1.8,WAS,WR,2013
559,Jake Kumerow,0,0,0,0.0,0,0,0,0,0,0,0,0,0.0,0.0,0.1,BUF,WR,2013
560,Jamison Crowder,0,0,0,0.0,0,0,0,0,0,0,0,0,0.0,0.0,23.6,NYJ,WR,2013
561,Stefon Diggs,0,0,0,0.0,0,0,0,0,0,0,0,0,0.0,0.0,100.0,BUF,WR,2013
562,Phillip Dorsett II,0,0,0,0.0,0,0,0,0,0,0,0,0,0.0,0.0,0.0,HOU,WR,2013
563,Ty Montgomery,0,0,0,0.0,0,0,0,0,0,0,0,0,0.0,0.0,0.6,NO,WR,2013
